num_hecho,dia_ocu,mes_ocu,dia_sem_ocu,hora_ocu,depto_ocu,areag_ocu,sexo_pil,edad_fall,g_edad,edad_m1,tipo_vehi,color_vehi,modelo_vehi,causa_acc
864,25,12,5,999,1,1,1,22,5,1,4,1,9999,1
656,25,8,2,0,16,2,1,43,7,1,3,1,1986,4
116,19,2,4,0,14,2,2,1,1,2,3,5,1987,3
170,7,3,6,0,5,2,1,28,6,1,4,1,1988,2
291,19,4,7,0,19,1,1,17,4,2,4,5,1991,1
392,4,6,4,0,17,1,2,34,6,1,3,3,1994,1
217,23,3,1,0,22,2,1,20,5,1,1,6,1998,2
458,30,6,2,0,14,2,1,24,5,1,9,14,2004,3
829,9,12,3,0,19,2,1,19,4,1,4,4,2005,4
692,16,9,3,0,5,2,1,43,7,1,4,1,2006,2
772,3,11,2,0,22,2,1,21,5,1,1,5,2006,2
169,7,3,6,0,9,1,1,19,4,1,4,1,2008,1
56,26,1,1,0,21,2,1,28,6,1,3,1,9999,4
104,15,2,7,0,11,2,1,30,6,1,4,1,9999,4
187,10,3,2,0,14,2,1,30,6,1,4,1,9999,1
456,30,6,2,0,1,1,1,21,5,1,4,1,9999,2
469,5,7,7,0,18,2,2,32,6,1,4,1,9999,1
781,8,11,7,0,21,2,1,46,8,1,3,1,9999,2
246,6,4,1,0,20,2,1,13,3,2,3,2,9999,4
809,4,12,5,0,5,2,1,40,7,1,4,3,9999,4
84,7,2,6,0,7,2,1,35,7,1,9,4,9999,2
431,20,6,6,0,5,2,1,38,7,1,1,4,9999,1
847,20,12,7,0,13,2,1,73,10,1,2,4,9999,3
207,19,3,4,0,5,2,1,33,6,1,1,6,9999,2
320,28,4,2,0,3,1,1,38,7,1,1,6,9999,2
711,26,9,6,0,20,2,2,21,5,1,1,6,9999,3
50,25,1,7,0,1,2,1,18,4,1,1,11,9999,2
399,6,6,6,0,3,2,1,20,5,1,4,99,9999,1
446,25,6,5,0,1,1,1,32,6,1,4,99,9999,1
660,27,8,4,0,1,1,1,19,4,1,3,99,9999,1
710,26,9,6,0,1,1,1,25,6,1,1,99,9999,2
88,8,2,7,1,2,2,1,22,5,1,1,4,1997,1
13,3,1,6,1,1,1,1,28,6,1,1,14,2002,2
683,8,9,2,1,13,2,1,35,7,1,3,5,2005,4
239,2,4,4,1,9,2,1,23,5,1,4,3,2007,2
361,19,5,2,1,19,2,1,31,6,1,4,1,2008,2
433,20,6,6,1,18,2,1,36,7,1,4,1,2009,4
241,4,4,6,1,1,2,1,35,7,1,3,1,9999,1
323,1,5,5,1,5,2,1,24,5,1,4,1,9999,1
324,1,5,5,1,5,2,2,999,11,1,4,1,9999,1
352,16,5,6,1,1,1,1,32,6,1,1,1,9999,2
734,10,10,6,1,1,1,1,26,6,1,3,1,9999,1
735,10,10,6,1,1,1,1,22,5,1,3,1,9999,1
880,29,12,2,1,5,2,1,48,8,1,3,1,9999,3
100,14,2,6,1,1,2,1,22,5,1,1,2,9999,1
101,14,2,6,1,1,2,1,22,5,1,1,2,9999,1
190,13,3,5,1,1,1,1,27,6,1,1,3,9999,3
803,30,11,1,1,1,2,1,24,5,1,8,3,9999,4
453,28,6,7,1,1,1,1,30,6,1,4,5,9999,2
454,28,6,7,1,1,1,1,19,4,1,4,5,9999,2
527,2,8,7,1,17,2,1,23,5,1,4,5,9999,2
580,2,8,7,1,17,2,1,23,5,1,4,5,9999,2
604,2,8,7,1,17,2,1,23,5,1,4,5,9999,2
780,8,11,7,1,1,1,1,41,7,1,4,5,9999,1
449,27,6,6,1,1,2,1,32,6,1,8,6,9999,3
790,20,11,5,1,18,2,1,34,6,1,4,7,9999,2
468,5,7,7,1,1,2,1,22,5,1,4,9,9999,1
121,21,2,6,1,1,1,1,24,5,1,4,99,9999,2
182,8,3,7,1,2,2,1,31,6,1,4,99,9999,2
189,12,3,4,1,2,2,1,58,9,1,1,99,9999,3
488,17,7,5,2,1,1,1,30,6,1,1,11,1990,3
164,4,3,3,2,22,2,1,22,5,1,3,5,1993,1
31,14,1,3,2,10,2,1,54,8,1,2,6,2000,3
848,20,12,7,2,18,2,1,36,7,1,1,99,2004,2
697,19,9,6,2,4,2,1,30,6,1,4,99,2007,1
83,7,2,6,2,10,2,2,19,4,1,1,4,2009,2
24,13,1,2,2,8,2,2,13,3,2,5,2,9999,3
25,13,1,2,2,8,2,2,18,4,1,5,2,9999,3
26,13,1,2,2,8,2,2,40,7,1,5,2,9999,3
223,26,3,4,2,1,2,1,999,11,1,5,2,9999,1
269,12,4,7,2,5,2,1,43,7,1,3,2,9999,1
422,16,6,2,2,1,1,1,28,6,1,1,2,9999,1
724,3,10,6,2,15,2,1,40,7,1,5,2,9999,3
741,15,10,4,2,14,2,1,20,5,1,5,2,9999,4
148,1,3,7,2,1,1,1,26,6,1,1,4,9999,2
237,31,3,2,2,13,2,1,40,7,1,3,4,9999,2
197,14,3,6,2,1,2,1,20,5,1,4,5,9999,1
308,25,4,6,2,1,1,1,24,5,1,4,5,9999,1
69,1,2,7,2,5,2,1,39,7,1,4,99,9999,4
243,5,4,7,2,9,2,1,22,5,1,6,99,9999,2
285,18,4,6,2,5,2,1,44,7,1,4,99,9999,2
679,6,9,7,2,18,2,1,20,5,1,4,99,9999,2
769,31,10,6,3,2,2,1,32,6,1,1,1,1985,1
242,4,4,6,3,17,2,1,32,6,1,1,11,1985,1
512,29,7,3,3,1,1,1,19,4,1,1,3,1988,3
438,21,6,7,3,10,2,1,25,6,1,1,9,1995,3
277,14,4,2,3,2,2,1,30,6,1,1,6,1999,1
752,21,10,3,3,1,1,1,26,6,1,1,99,2005,2
299,21,4,2,3,5,2,1,22,5,1,4,1,9999,4
475,11,7,6,3,1,1,1,26,6,1,4,1,9999,2
240,3,4,5,3,1,1,1,30,6,1,3,2,9999,1
844,20,12,7,3,1,2,1,26,6,1,3,2,9999,1
490,18,7,6,3,1,1,1,30,6,1,4,3,9999,1
258,10,4,5,3,6,2,1,19,4,1,1,5,9999,2
540,4,8,2,3,12,2,1,26,6,1,4,5,9999,2
593,4,8,2,3,12,2,1,26,6,1,4,5,9999,2
617,4,8,2,3,12,2,1,26,6,1,4,5,9999,2
23,13,1,3,3,1,2,1,50,8,1,1,6,9999,1
863,24,12,4,3,21,1,1,23,5,1,4,7,9999,2
351,16,5,6,3,1,1,1,27,6,1,1,11,9999,1
410,11,6,4,3,13,2,2,19,4,1,7,99,9999,2
411,11,6,4,3,13,2,1,42,7,1,7,99,9999,2
412,11,6,4,3,13,2,1,8,2,2,7,99,9999,2
413,11,6,4,3,13,2,1,1,1,2,7,99,9999,2
384,31,5,7,4,11,2,1,50,8,1,3,9,1986,1
385,31,5,7,4,11,2,2,49,8,1,3,9,1986,1
230,30,3,1,4,10,2,1,29,6,1,7,1,1992,1
231,30,3,1,4,10,2,1,29,6,1,7,1,1992,1
232,30,3,1,4,10,2,1,29,6,1,7,1,1992,1
801,28,11,6,4,2,2,1,40,7,1,1,6,1994,2
381,30,5,6,4,1,1,1,25,6,1,1,5,2004,1
820,7,12,1,4,18,2,1,45,8,1,2,4,2006,2
821,7,12,1,4,18,2,2,32,6,1,2,4,2006,2
822,7,12,1,4,18,2,2,40,7,1,2,4,2006,2
823,7,12,1,4,18,2,2,9,2,2,2,4,2006,2
99,14,2,6,4,1,1,1,30,6,1,4,1,9999,2
762,25,10,7,4,2,2,1,16,4,2,3,1,9999,2
816,5,12,6,4,18,2,1,37,7,1,3,1,9999,1
866,25,12,5,4,17,2,1,24,5,1,4,1,9999,1
373,26,5,2,4,1,1,1,30,6,1,4,4,9999,2
774,5,11,4,4,1,1,1,26,6,1,12,4,9999,1
861,24,12,4,4,1,1,1,20,5,1,3,6,9999,2
862,24,12,4,4,1,1,1,19,4,1,3,6,9999,2
166,5,3,4,4,21,2,1,17,4,2,4,14,9999,4
96,12,2,4,4,1,2,1,30,6,1,4,99,9999,2
255,9,4,4,4,15,2,1,22,5,1,99,99,9999,4
280,16,4,4,4,12,2,1,27,6,1,3,99,9999,4
804,1,12,2,5,14,2,1,9,2,2,5,2,1994,3
805,1,12,2,5,14,2,1,13,3,2,5,2,1994,3
806,1,12,2,5,14,2,1,13,3,2,5,2,1994,3
842,18,12,5,5,2,2,1,61,9,1,3,2,1999,2
202,16,3,1,5,10,2,1,34,6,1,4,3,2005,1
494,18,7,6,5,14,2,1,24,5,1,3,5,2006,4
219,24,3,2,5,18,2,2,36,7,1,4,1,9999,1
220,24,3,2,5,18,2,2,8,2,2,4,1,9999,1
749,20,10,2,5,5,2,1,26,6,1,5,1,9999,3
868,28,12,1,5,22,2,1,23,5,1,5,2,9999,1
869,28,12,1,5,22,2,1,23,5,1,5,2,9999,1
870,28,12,1,5,22,2,1,10,3,2,5,2,9999,1
871,28,12,1,5,22,2,1,19,4,1,5,2,9999,1
872,28,12,1,5,22,2,2,17,4,2,5,2,9999,1
873,28,12,1,5,22,2,1,38,7,1,5,2,9999,1
48,23,1,5,5,17,2,1,37,7,1,3,3,9999,2
172,8,3,7,5,3,2,1,39,7,1,2,3,9999,2
563,16,8,7,5,18,2,1,20,5,1,4,5,9999,4
640,16,8,7,5,18,2,1,20,5,1,4,5,9999,4
406,11,6,4,5,5,2,1,39,7,1,1,6,9999,3
407,11,6,4,5,5,2,1,39,7,1,1,6,9999,3
814,5,12,6,5,9,2,2,80,10,1,3,9,9999,4
815,5,12,6,5,9,2,1,60,9,1,3,9,9999,4
30,14,1,3,5,1,1,1,30,6,1,4,99,9999,2
103,15,2,7,5,1,1,1,32,6,1,1,99,9999,1
301,21,4,2,5,2,2,1,34,6,1,7,99,9999,3
132,22,2,7,6,10,1,1,35,7,1,3,11,1987,1
834,13,12,7,6,10,2,1,1,1,2,3,4,1989,2
717,28,9,1,6,22,2,1,29,6,1,3,5,1991,3
543,6,8,4,6,4,2,1,1,1,2,3,2,1994,2
596,6,8,4,6,4,2,1,1,1,2,3,2,1994,2
620,6,8,4,6,4,2,1,1,1,2,3,2,1994,2
550,10,8,1,6,5,2,1,60,9,1,1,9,1997,1
551,10,8,1,6,5,2,1,19,4,1,1,9,1997,1
627,10,8,1,6,5,2,1,60,9,1,1,9,1997,1
628,10,8,1,6,5,2,1,19,4,1,1,9,1997,1
824,8,12,2,6,15,2,1,34,6,1,4,2,2004,1
46,21,1,3,6,4,2,1,40,7,1,9,1,2006,1
47,21,1,3,6,4,2,1,30,6,1,9,1,2006,1
261,11,4,6,6,22,2,1,7,2,2,7,1,9999,3
262,11,4,6,6,22,2,1,14,3,2,7,1,9999,3
461,2,7,4,6,1,1,1,23,5,1,1,1,9999,1
568,19,8,3,6,2,2,1,37,7,1,9,1,9999,1
645,19,8,3,6,2,2,1,37,7,1,9,1,9999,1
61,30,1,5,6,2,2,1,25,6,1,5,2,9999,1
62,30,1,5,6,2,2,2,30,6,1,5,2,9999,1
63,30,1,5,6,2,2,1,19,4,1,5,2,9999,1
210,21,3,6,6,10,2,1,35,7,1,5,2,9999,1
682,7,9,2,6,1,1,1,36,7,1,1,2,9999,2
686,12,9,6,6,19,2,1,39,7,1,5,2,9999,1
698,19,9,6,6,6,2,1,71,10,1,11,2,9999,4
830,11,12,5,6,10,2,1,40,7,1,6,3,9999,3
312,26,4,7,6,1,2,1,28,6,1,2,5,9999,3
313,26,4,7,6,1,2,1,65,10,1,2,5,9999,3
493,18,7,6,6,12,2,1,23,5,1,4,5,9999,4
713,27,9,7,6,1,1,1,26,6,1,1,5,9999,2
145,28,2,6,6,12,2,1,34,6,1,3,9,9999,3
146,28,2,6,6,12,2,1,28,6,1,3,9,9999,3
147,28,2,6,6,12,2,1,12,3,2,3,9,9999,3
288,19,4,7,6,1,1,1,35,7,1,1,9,9999,1
19,10,1,6,6,5,2,1,34,6,1,4,99,9999,1
364,19,5,2,6,12,2,1,36,7,1,3,99,9999,2
43,18,1,7,7,6,2,2,18,4,1,3,3,1966,1
382,30,5,6,7,16,2,2,30,6,1,3,2,1982,2
839,16,12,3,7,10,2,1,34,6,1,3,99,1984,1
457,30,6,2,7,1,1,2,56,9,1,1,2,1992,1
113,18,2,3,7,9,2,2,19,4,1,3,6,1992,3
114,18,2,3,7,9,2,1,9,2,2,3,6,1992,3
476,11,7,6,7,22,2,1,18,4,1,5,2,1999,1
477,11,7,6,7,22,2,1,70,10,1,5,2,1999,1
478,11,7,6,7,22,2,1,25,6,1,5,2,1999,1
479,11,7,6,7,22,2,1,38,7,1,5,2,1999,1
480,11,7,6,7,22,2,1,22,5,1,5,2,1999,1
481,11,7,6,7,22,2,1,50,8,1,5,2,1999,1
737,10,10,6,7,2,2,1,43,7,1,5,2,2002,1
195,14,3,6,7,18,2,1,34,6,1,3,2,9999,1
196,14,3,6,7,18,2,1,22,5,1,3,2,9999,1
663,28,8,5,7,6,2,1,65,10,1,4,3,9999,1
350,15,5,5,7,9,2,9,999,11,99,3,4,9999,1
764,28,10,3,7,1,1,2,23,5,1,1,5,9999,2
57,26,1,1,7,8,2,1,20,5,1,3,6,9999,1
249,7,4,2,7,18,2,2,71,10,1,1,6,9999,1
253,9,4,4,7,12,2,1,38,7,1,2,6,9999,4
254,9,4,4,7,12,2,1,56,9,1,2,6,9999,4
38,17,1,6,7,1,1,1,25,6,1,4,7,9999,1
28,13,1,2,7,17,2,1,61,9,1,4,99,9999,1
526,2,8,7,7,19,2,1,30,6,1,4,99,9999,2
579,2,8,7,7,19,2,1,30,6,1,4,99,9999,2
603,2,8,7,7,19,2,1,30,6,1,4,99,9999,2
840,16,12,3,7,15,2,1,21,5,1,3,99,9999,4
567,18,8,2,8,7,2,1,55,9,1,3,7,1982,1
644,18,8,2,8,7,2,1,55,9,1,3,7,1982,1
517,31,7,5,8,4,2,1,43,7,1,5,9,1983,4
5,1,1,4,8,5,2,1,12,3,2,1,14,1983,3
6,1,1,4,8,5,2,2,25,6,1,1,14,1983,3
731,9,10,5,8,1,1,1,47,8,1,1,9,1990,1
295,20,4,1,8,5,2,2,9,2,2,2,9,1994,3
566,17,8,1,8,4,2,1,62,9,1,9,4,1997,1
643,17,8,1,8,4,2,1,62,9,1,9,4,1997,1
53,25,1,7,8,5,2,1,23,5,1,1,2,1999,3
514,30,7,4,8,5,1,1,16,4,2,4,1,2001,1
98,13,2,5,8,9,2,1,51,8,1,4,1,2008,2
160,3,3,2,8,5,2,1,28,6,1,4,2,2008,1
745,18,10,7,8,12,2,1,33,6,1,1,99,2008,2
140,27,2,5,8,9,2,2,25,6,1,3,1,9999,3
141,27,2,5,8,9,2,2,53,8,1,3,1,9999,3
142,27,2,5,8,9,2,2,1,1,2,3,1,9999,3
143,27,2,5,8,9,2,2,1,1,2,3,1,9999,3
229,29,3,7,8,5,2,1,20,5,1,4,1,9999,1
557,15,8,6,8,11,2,1,48,8,1,4,1,9999,1
634,15,8,6,8,11,2,1,48,8,1,4,1,9999,1
748,19,10,1,8,12,1,1,24,5,1,4,1,9999,1
70,2,2,1,8,19,2,1,19,4,1,7,2,9999,1
71,2,2,1,8,19,2,1,65,10,1,7,2,9999,1
72,2,2,1,8,19,2,1,20,5,1,7,2,9999,1
73,2,2,1,8,19,2,1,65,10,1,7,2,9999,1
74,2,2,1,8,19,2,1,20,5,1,7,2,9999,1
75,2,2,1,8,19,2,1,49,8,1,7,2,9999,1
76,2,2,1,8,19,2,1,16,4,2,7,2,9999,1
77,2,2,1,8,19,2,1,20,5,1,7,2,9999,1
78,2,2,1,8,19,2,1,34,6,1,7,2,9999,1
79,2,2,1,8,19,2,1,42,7,1,7,2,9999,1
405,10,6,3,8,3,2,1,55,9,1,1,2,9999,1
510,28,7,2,8,12,2,2,46,8,1,3,2,9999,1
673,2,9,3,8,19,2,1,49,8,1,1,2,9999,1
674,2,9,3,8,19,2,2,25,6,1,1,2,9999,1
535,3,8,1,8,13,2,2,55,9,1,3,4,9999,1
588,3,8,1,8,13,2,2,55,9,1,3,4,9999,1
612,3,8,1,8,13,2,2,55,9,1,3,4,9999,1
664,28,8,5,8,10,1,1,17,4,2,4,4,9999,4
665,28,8,5,8,10,1,1,16,4,2,4,4,9999,4
832,12,12,6,8,4,2,1,11,3,2,4,5,9999,1
524,2,8,7,8,1,1,1,58,9,1,6,7,9999,2
525,2,8,7,8,1,1,1,62,9,1,6,7,9999,2
577,2,8,7,8,1,1,1,58,9,1,6,7,9999,2
578,2,8,7,8,1,1,1,62,9,1,6,7,9999,2
601,2,8,7,8,1,1,1,58,9,1,6,7,9999,2
602,2,8,7,8,1,1,1,62,9,1,6,7,9999,2
174,8,3,7,8,22,1,2,11,3,2,7,9,9999,4
175,8,3,7,8,22,1,1,25,6,1,7,9,9999,4
330,3,5,7,8,1,2,1,34,6,1,3,9,9999,3
445,25,6,5,8,1,1,1,58,9,1,4,9,9999,1
274,13,4,1,8,2,2,1,34,6,1,1,99,9999,4
275,13,4,1,8,2,2,1,34,6,1,1,99,9999,4
332,3,5,7,8,1,2,1,30,6,1,3,99,9999,2
355,17,5,7,8,14,2,1,42,7,1,5,99,9999,2
356,17,5,7,8,14,2,2,6,2,2,5,99,9999,2
357,17,5,7,8,14,2,1,52,8,1,5,99,9999,2
434,20,6,6,8,17,2,1,34,6,1,9,99,9999,1
715,28,9,1,9,13,2,1,45,8,1,3,9,1984,4
272,13,4,1,9,21,2,1,34,6,1,1,99,1989,4
273,13,4,1,9,21,2,1,34,6,1,1,99,1989,4
667,30,8,7,9,21,2,1,33,6,1,3,1,1995,4
472,9,7,4,9,10,2,1,61,9,1,4,1,2007,1
124,22,2,7,9,9,2,1,33,6,1,4,3,2007,4
185,9,3,1,9,22,2,1,24,5,1,4,1,9999,4
448,27,6,6,9,1,1,2,58,9,1,14,1,9999,4
800,28,11,6,9,5,2,1,21,5,1,4,1,9999,1
21,12,1,1,9,19,2,1,40,7,1,3,2,9999,1
178,8,3,7,9,15,2,1,37,7,1,3,2,9999,2
496,20,7,1,9,22,2,1,28,6,1,5,2,9999,1
554,13,8,4,9,14,2,2,55,9,1,3,2,9999,1
631,13,8,4,9,14,2,2,55,9,1,3,2,9999,1
389,3,6,3,9,5,2,1,18,4,1,4,3,9999,1
390,3,6,3,9,5,2,1,18,4,1,4,3,9999,1
776,6,11,5,9,3,2,1,42,7,1,1,3,9999,3
408,11,6,4,9,6,2,1,32,6,1,4,5,9999,4
463,3,7,5,9,1,2,1,48,8,1,3,5,9999,4
761,25,10,7,9,5,2,1,19,4,1,4,5,9999,4
835,13,12,7,9,12,2,1,55,9,1,3,5,9999,1
354,17,5,7,9,1,2,1,26,6,1,1,6,9999,1
58,28,1,3,9,1,1,1,26,6,1,12,99,9999,3
59,28,1,3,9,1,1,2,999,11,1,12,99,9999,3
371,25,5,1,9,2,2,1,33,6,1,5,99,9999,1
372,25,5,1,9,2,2,1,34,6,1,5,99,9999,1
395,6,6,6,9,1,1,1,30,6,1,9,99,9999,2
396,6,6,6,9,1,1,2,43,7,1,9,99,9999,2
443,24,6,3,9,7,2,1,17,4,2,7,99,9999,1
704,24,9,4,9,3,2,1,45,8,1,7,99,9999,1
705,24,9,4,9,3,2,1,30,6,1,7,99,9999,1
706,24,9,4,9,3,2,2,28,6,1,7,99,9999,1
707,24,9,4,9,3,2,1,45,8,1,7,99,9999,1
569,20,8,4,10,9,2,2,58,9,1,3,11,1986,1
570,20,8,4,10,9,2,2,50,8,1,3,11,1986,1
646,20,8,4,10,9,2,2,58,9,1,3,11,1986,1
647,20,8,4,10,9,2,2,50,8,1,3,11,1986,1
32,14,1,3,10,4,2,1,35,7,1,7,2,1989,1
2,1,1,4,10,14,2,1,3,1,2,3,6,1993,2
503,25,7,6,10,1,2,2,10,3,2,2,6,1994,1
208,19,3,4,10,13,2,1,25,6,1,3,9,1994,1
168,6,3,5,10,22,2,1,27,6,1,3,9,1999,1
122,22,2,7,10,1,1,1,23,5,1,4,1,2006,1
133,25,2,3,10,1,1,1,24,5,1,4,1,2006,1
404,9,6,2,10,14,1,2,68,10,1,14,1,2006,1
684,8,9,2,10,2,2,1,57,9,1,4,1,2006,1
115,19,2,4,10,11,2,1,54,8,1,2,1,9999,3
417,14,6,7,10,5,2,1,32,6,1,6,1,9999,1
90,10,2,2,10,10,2,1,74,10,1,3,2,9999,1
419,15,6,1,10,2,2,1,35,7,1,3,2,9999,1
420,15,6,1,10,2,2,1,48,8,1,3,2,9999,1
421,15,6,1,10,2,2,1,40,7,1,3,2,9999,1
699,20,9,7,10,1,1,1,44,7,1,4,3,9999,2
565,17,8,1,10,15,2,1,17,4,2,4,5,9999,2
642,17,8,1,10,15,2,1,17,4,2,4,5,9999,2
881,30,12,3,10,1,1,1,25,6,1,4,5,9999,1
849,20,12,7,10,7,2,1,26,6,1,1,6,9999,1
439,22,6,1,10,19,2,1,35,7,1,4,7,9999,3
378,28,5,4,10,17,2,2,35,7,1,1,9,9999,1
379,28,5,4,10,17,2,1,36,7,1,4,9,9999,1
728,7,10,3,10,20,2,1,66,10,1,1,9,9999,1
33,15,1,4,10,4,2,1,60,9,1,2,10,9999,2
34,15,1,4,10,4,2,2,999,11,1,2,10,9999,2
300,21,4,2,10,1,2,1,30,6,1,5,99,9999,1
337,7,5,4,10,16,2,1,49,8,1,4,99,9999,2
447,26,6,5,10,10,2,1,38,7,1,4,99,9999,2
161,3,3,2,11,5,1,1,22,5,1,4,5,1995,1
250,7,4,2,11,3,2,2,74,10,1,1,2,1999,2
791,22,11,7,11,1,2,1,19,4,1,1,4,2003,4
194,14,3,6,11,5,2,1,51,8,1,4,2,2006,1
418,15,6,1,11,19,2,1,30,6,1,11,2,2006,1
244,6,4,1,11,22,2,1,53,8,1,4,1,9999,1
245,6,4,1,11,22,2,1,20,5,1,4,1,9999,1
771,3,11,2,11,1,1,1,23,5,1,4,1,9999,1
179,8,3,7,11,2,2,1,34,6,1,1,2,9999,4
180,8,3,7,11,2,2,2,36,7,1,1,2,9999,4
181,8,3,7,11,2,2,2,5,2,2,1,2,9999,4
429,18,6,4,11,10,2,1,30,6,1,4,3,9999,1
825,8,12,2,11,14,2,1,19,4,1,3,3,9999,3
826,9,12,3,11,22,2,1,46,8,1,1,4,9999,1
827,9,12,3,11,22,2,1,2,1,2,1,4,9999,1
366,20,5,3,11,18,1,1,33,6,1,4,5,9999,1
80,4,2,3,11,6,2,1,17,4,2,13,6,9999,3
777,7,11,6,11,11,2,1,37,7,1,4,6,9999,1
556,14,8,5,11,13,1,2,22,5,1,4,9,9999,1
633,14,8,5,11,13,1,2,22,5,1,4,9,9999,1
238,1,4,3,11,2,2,1,52,8,1,3,11,9999,1
485,13,7,1,11,13,2,1,19,4,1,3,99,9999,4
694,16,9,3,12,12,2,1,25,6,1,8,1,1986,4
29,13,1,2,12,17,2,1,50,8,1,3,2,1992,3
212,22,3,7,12,19,1,1,31,6,1,4,2,1998,1
442,23,6,2,12,7,2,2,30,6,1,5,2,2002,1
1,1,1,4,12,1,1,1,32,6,1,1,4,2003,1
67,31,1,6,12,5,2,1,56,9,1,2,5,2004,1
393,5,6,5,12,22,2,1,60,9,1,3,6,2004,1
502,23,7,4,12,6,2,1,54,8,1,5,99,2005,2
555,14,8,5,12,19,2,2,62,9,1,1,99,2005,1
632,14,8,5,12,19,2,2,62,9,1,1,99,2005,1
362,19,5,2,12,5,2,1,54,8,1,4,1,2007,1
363,19,5,2,12,5,2,1,23,5,1,4,1,2007,1
163,4,3,3,12,1,1,1,44,7,1,9,2,2008,1
199,15,3,7,12,11,2,1,20,5,1,3,1,9999,3
513,30,7,4,12,1,1,2,6,2,2,12,1,9999,2
718,28,9,1,12,11,2,1,17,4,2,4,1,9999,1
755,23,10,5,12,7,2,1,18,4,1,9,1,9999,1
756,23,10,5,12,7,2,2,16,4,2,9,1,9999,1
757,23,10,5,12,7,2,2,12,3,2,9,1,9999,1
853,21,12,1,12,16,2,1,27,6,1,4,1,9999,1
205,18,3,3,12,22,2,1,33,6,1,6,2,9999,1
282,16,4,4,12,14,2,1,21,5,1,5,2,9999,3
504,25,7,6,12,17,2,1,57,9,1,3,2,9999,3
151,1,3,7,12,22,2,1,20,5,1,4,3,9999,1
228,28,3,6,12,13,2,1,50,8,1,4,3,9999,4
35,16,1,5,12,1,2,1,20,5,1,4,5,9999,1
44,19,1,7,12,7,2,1,58,9,1,14,99,9999,3
127,22,2,7,12,6,2,2,62,9,1,2,99,9999,1
128,22,2,7,12,6,2,2,62,9,1,2,99,9999,1
129,22,2,7,12,6,2,1,1,1,2,2,99,9999,1
130,22,2,7,12,6,2,1,80,10,1,2,99,9999,1
409,11,6,4,12,18,2,1,2,1,2,7,99,9999,4
560,15,8,6,12,5,2,1,3,1,2,4,99,9999,1
637,15,8,6,12,5,2,1,3,1,2,4,99,9999,1
497,20,7,1,13,13,2,1,58,9,1,3,4,1985,3
226,28,3,6,13,22,2,1,65,10,1,1,6,1987,1
227,28,3,6,13,22,2,1,72,10,1,1,6,1987,1
818,6,12,7,13,13,2,2,19,4,1,3,4,1992,3
338,7,5,4,13,19,2,1,39,7,1,1,12,1992,1
339,7,5,4,13,19,2,2,75,10,1,1,12,1992,1
340,7,5,4,13,19,2,2,68,10,1,1,12,1992,1
425,17,6,3,13,17,2,1,19,4,1,1,2,1995,1
426,17,6,3,13,17,2,1,16,4,2,1,2,1995,1
427,17,6,3,13,17,2,2,14,3,2,1,2,1995,1
428,17,6,3,13,17,2,2,17,4,2,1,2,1995,1
65,30,1,5,13,1,2,1,41,7,1,1,11,2001,1
651,22,8,6,13,10,1,1,25,6,1,4,4,2006,1
290,19,4,7,13,3,2,1,40,7,1,4,1,9999,2
149,1,3,7,13,1,2,1,24,5,1,2,2,9999,1
150,1,3,7,13,1,2,2,11,3,2,2,2,9999,1
349,12,5,2,13,1,2,1,64,9,1,3,2,9999,1
109,16,2,1,13,3,2,1,32,6,1,3,4,9999,1
209,20,3,5,13,5,2,1,29,6,1,6,4,9999,3
183,8,3,7,13,5,1,1,24,5,1,4,5,9999,1
304,23,4,4,13,16,1,1,23,5,1,4,5,9999,1
678,4,9,5,13,17,2,2,33,6,1,2,5,9999,2
719,29,9,2,13,12,2,1,24,5,1,4,5,9999,2
754,22,10,4,13,10,2,1,23,5,1,4,5,9999,1
723,3,10,6,13,5,2,1,31,6,1,3,6,9999,3
117,21,2,6,13,9,2,2,18,4,1,4,7,9999,1
118,21,2,6,13,9,2,1,6,2,2,4,7,9999,1
108,16,2,1,13,1,1,1,40,7,1,1,9,9999,4
370,25,5,1,13,10,2,1,25,6,1,4,9,9999,1
68,1,2,7,13,19,2,1,28,6,1,4,99,9999,1
203,16,3,1,13,10,1,1,48,8,1,4,99,9999,2
326,2,5,6,13,5,2,1,6,2,2,4,99,9999,1
675,2,9,3,14,14,2,1,38,7,1,3,7,1982,3
843,19,12,6,14,1,2,1,55,9,1,7,2,1983,4
787,17,11,2,14,14,2,1,24,5,1,3,2,1985,4
171,7,3,6,14,17,2,1,28,6,1,3,5,1988,2
54,25,1,7,14,15,2,2,7,2,2,3,4,1991,2
423,17,6,3,14,19,2,1,31,6,1,1,5,2000,2
691,15,9,2,14,19,2,1,78,10,1,3,3,2008,3
278,14,4,2,14,15,2,1,72,10,1,3,2,9999,3
430,20,6,6,14,19,2,1,32,6,1,1,2,9999,3
841,17,12,4,14,14,2,1,17,4,2,5,2,9999,3
360,19,5,2,14,20,2,1,51,8,1,1,3,9999,1
464,3,7,5,14,10,2,2,35,7,1,1,3,9999,2
465,3,7,5,14,10,2,1,4,1,2,1,3,9999,2
499,22,7,3,14,4,2,2,56,9,1,3,3,9999,3
500,22,7,3,14,4,2,2,45,8,1,3,3,9999,3
501,22,7,3,14,4,2,2,82,10,1,3,3,9999,3
216,22,3,7,14,1,1,1,25,6,1,1,4,9999,2
289,19,4,7,14,9,2,2,40,7,1,1,4,9999,1
851,21,12,1,14,16,2,2,65,10,1,1,4,9999,1
852,21,12,1,14,16,2,2,9,2,2,1,4,9999,1
281,16,4,4,14,18,2,2,30,6,1,4,5,9999,1
342,8,5,5,14,13,1,1,22,5,1,4,5,9999,2
215,22,3,7,14,18,2,2,53,8,1,9,6,9999,1
548,8,8,6,14,7,2,2,33,6,1,1,9,9999,4
625,8,8,6,14,7,2,2,33,6,1,1,9,9999,4
139,27,2,5,14,1,1,1,35,7,1,4,99,9999,1
176,8,3,7,14,13,2,1,48,8,1,3,99,9999,3
311,25,4,6,14,14,2,1,81,10,1,99,99,9999,3
462,2,7,4,14,17,2,1,73,10,1,2,99,9999,3
531,3,8,1,14,9,2,1,19,4,1,1,99,9999,1
532,3,8,1,14,9,2,1,17,4,2,1,99,9999,1
533,3,8,1,14,9,2,1,16,4,2,1,99,9999,1
534,3,8,1,14,9,2,1,17,4,2,1,99,9999,1
584,3,8,1,14,9,2,1,19,4,1,1,99,9999,1
585,3,8,1,14,9,2,1,17,4,2,1,99,9999,1
586,3,8,1,14,9,2,1,16,4,2,1,99,9999,1
587,3,8,1,14,9,2,1,17,4,2,1,99,9999,1
608,3,8,1,14,9,2,1,19,4,1,1,99,9999,1
609,3,8,1,14,9,2,1,17,4,2,1,99,9999,1
610,3,8,1,14,9,2,1,16,4,2,1,99,9999,1
611,3,8,1,14,9,2,1,17,4,2,1,99,9999,1
750,20,10,2,14,3,2,1,28,6,1,1,99,9999,1
751,20,10,2,14,3,2,2,45,8,1,1,99,9999,1
152,1,3,7,15,3,2,1,21,5,1,3,3,1983,1
153,1,3,7,15,3,2,1,25,6,1,3,3,1983,1
650,21,8,5,15,18,2,1,55,9,1,1,4,1985,1
213,22,3,7,15,8,2,1,28,6,1,3,99,1987,3
214,22,3,7,15,8,2,1,25,6,1,3,99,1987,3
703,23,9,3,15,9,2,1,30,6,1,5,2,1990,2
260,11,4,6,15,19,2,1,21,5,1,1,1,1992,1
671,1,9,2,15,12,2,2,47,8,1,3,1,1993,2
672,1,9,2,15,12,2,2,23,5,1,3,1,1993,2
542,6,8,4,15,2,2,1,31,6,1,7,2,1993,1
595,6,8,4,15,2,2,1,31,6,1,7,2,1993,1
619,6,8,4,15,2,2,1,31,6,1,7,2,1993,1
8,1,1,4,15,4,2,1,27,6,1,1,2,1995,1
9,1,1,4,15,4,2,1,24,5,1,1,2,1995,1
740,14,10,3,15,10,2,1,26,6,1,1,5,1995,1
286,18,4,6,15,20,2,2,48,8,1,3,99,2000,3
287,18,4,6,15,20,2,1,30,6,1,3,99,2000,3
131,22,2,7,15,22,2,1,30,6,1,3,2,2003,1
484,11,7,6,15,2,2,1,24,5,1,4,5,2006,1
498,20,7,1,15,7,2,1,54,8,1,4,1,2007,1
394,5,6,5,15,17,2,1,20,5,1,3,6,2007,3
455,29,6,1,15,9,2,1,20,5,1,4,1,2008,1
882,30,12,3,15,19,2,1,37,7,1,1,2,2008,1
883,30,12,3,15,19,2,2,45,8,1,1,2,2008,1
348,11,5,1,15,3,2,1,34,6,1,3,1,9999,1
518,31,7,5,15,1,1,1,25,6,1,1,1,9999,1
552,11,8,2,15,17,2,1,40,7,1,3,1,9999,3
629,11,8,2,15,17,2,1,40,7,1,3,1,9999,3
81,6,2,5,15,2,2,1,55,9,1,6,2,9999,4
507,26,7,7,15,7,2,1,26,6,1,3,2,9999,1
516,31,7,5,15,14,2,1,20,5,1,5,2,9999,2
536,3,8,1,15,13,2,2,35,7,1,9,2,9999,1
589,3,8,1,15,13,2,2,35,7,1,9,2,9999,1
613,3,8,1,15,13,2,2,35,7,1,9,2,9999,1
653,23,8,7,15,12,2,1,14,3,2,3,2,9999,3
725,4,10,7,15,16,2,1,59,9,1,5,2,9999,4
836,14,12,1,15,9,2,1,52,8,1,4,3,9999,1
680,6,9,7,15,1,1,1,30,6,1,1,4,9999,2
211,21,3,6,15,18,2,1,34,6,1,3,6,9999,3
528,2,8,7,15,9,2,2,88,10,1,3,6,9999,2
544,7,8,5,15,17,2,1,54,8,1,2,6,9999,1
581,2,8,7,15,9,2,2,88,10,1,3,6,9999,2
605,2,8,7,15,9,2,2,88,10,1,3,6,9999,2
621,7,8,5,15,17,2,1,54,8,1,2,6,9999,1
193,13,3,5,15,6,2,1,24,5,1,1,7,9999,1
270,12,4,7,15,22,2,2,35,7,1,2,9,9999,1
736,10,10,6,15,9,2,2,74,10,1,3,11,9999,1
55,26,1,1,15,1,2,1,36,7,1,3,99,9999,1
120,21,2,6,15,18,2,2,53,8,1,3,99,9999,1
687,12,9,6,15,18,2,1,18,4,1,1,99,9999,1
778,7,11,6,15,18,2,1,50,8,1,99,99,9999,3
779,7,11,6,15,18,2,1,9,2,2,99,99,9999,3
177,8,3,7,16,16,2,1,12,3,2,3,3,1971,3
440,22,6,1,16,16,2,2,65,10,1,3,11,1984,3
441,22,6,1,16,16,2,2,18,4,1,3,11,1984,3
7,1,1,4,16,11,2,1,19,4,1,3,1,1986,3
14,3,1,6,16,20,2,2,54,8,1,2,3,1989,3
15,3,1,6,16,20,2,1,17,4,2,2,3,1989,3
310,25,4,6,16,15,2,1,32,6,1,5,2,1992,1
435,20,6,6,16,9,1,1,62,9,1,3,99,1994,1
368,24,5,7,16,12,2,1,21,5,1,9,2,2000,1
689,13,9,7,16,1,1,2,7,2,2,1,3,2000,3
763,25,10,7,16,2,2,2,25,6,1,2,14,2004,1
369,24,5,7,16,17,2,1,26,6,1,5,1,9999,3
105,15,2,7,16,19,2,1,45,8,1,1,2,9999,2
334,4,5,1,16,17,2,1,41,7,1,3,2,9999,3
162,3,3,2,16,5,2,1,40,7,1,3,3,9999,3
91,11,2,3,16,1,2,1,45,8,1,4,5,9999,2
173,8,3,7,16,5,2,1,38,7,1,1,5,9999,4
206,18,3,3,16,10,2,1,29,6,1,2,5,9999,1
257,10,4,5,16,1,1,1,42,7,1,4,5,9999,1
321,29,4,3,16,20,2,1,54,8,1,3,5,9999,2
329,2,5,6,16,2,2,1,32,6,1,1,5,9999,1
539,3,8,1,16,4,2,2,5,2,2,3,5,9999,1
592,3,8,1,16,4,2,2,5,2,2,3,5,9999,1
616,3,8,1,16,4,2,2,5,2,2,3,5,9999,1
709,25,9,5,16,3,2,1,35,7,1,4,5,9999,1
874,28,12,1,16,1,1,1,16,4,2,4,5,9999,1
235,31,3,2,16,6,2,1,37,7,1,5,6,9999,4
236,31,3,2,16,6,2,1,40,7,1,5,6,9999,4
398,6,6,6,16,10,2,1,18,4,1,7,6,9999,3
508,28,7,2,16,5,2,1,10,3,2,1,6,9999,1
97,13,2,5,16,10,2,1,19,4,1,4,99,9999,1
167,5,3,4,16,8,2,1,24,5,1,3,99,9999,2
191,13,3,5,16,1,2,1,19,4,1,3,99,9999,3
470,6,7,1,16,14,2,2,35,7,1,3,99,9999,1
523,1,8,6,16,1,1,1,23,5,1,1,99,9999,1
576,1,8,6,16,1,1,1,23,5,1,1,99,9999,1
600,1,8,6,16,1,1,1,23,5,1,1,99,9999,1
828,9,12,3,16,20,2,1,12,3,2,1,99,9999,1
845,20,12,7,16,1,2,1,27,6,1,4,99,9999,4
668,31,8,1,17,5,1,2,20,5,1,3,3,9999,1
669,31,8,1,17,5,1,2,59,9,1,3,3,9999,1
670,31,8,1,17,5,1,2,1,1,2,3,3,9999,1
855,22,12,2,17,9,2,1,27,6,1,7,1,1984,2
856,22,12,2,17,9,2,1,54,8,1,7,1,1984,2
857,22,12,2,17,9,2,1,26,6,1,7,1,1984,2
858,22,12,2,17,9,2,1,70,10,1,7,1,1984,2
859,22,12,2,17,9,2,2,5,2,2,7,1,1984,2
391,4,6,4,17,20,2,1,37,7,1,3,1,1991,1
884,31,12,4,17,5,2,1,23,5,1,1,11,1994,3
658,26,8,3,17,1,1,1,45,8,1,4,2,2000,1
867,27,12,7,17,2,2,1,24,5,1,4,1,2006,1
509,28,7,2,17,3,2,1,38,7,1,4,3,2006,1
27,13,1,2,17,18,2,1,23,5,1,4,3,2007,1
184,9,3,1,17,5,2,1,24,5,1,4,1,9999,4
318,26,4,7,17,16,2,2,61,9,1,3,1,9999,1
319,26,4,7,17,16,2,2,44,7,1,3,1,9999,1
521,1,8,6,17,3,2,1,41,7,1,4,1,9999,1
547,8,8,6,17,10,2,1,37,7,1,4,1,9999,3
559,15,8,6,17,14,2,1,30,6,1,4,1,9999,1
574,1,8,6,17,3,2,1,41,7,1,4,1,9999,1
598,1,8,6,17,3,2,1,41,7,1,4,1,9999,1
624,8,8,6,17,10,2,1,37,7,1,4,1,9999,3
636,15,8,6,17,14,2,1,30,6,1,4,1,9999,1
279,15,4,3,17,7,2,1,68,10,1,2,2,9999,3
333,4,5,1,17,5,2,1,42,7,1,3,2,9999,1
335,6,5,3,17,18,2,1,17,4,2,5,2,9999,1
336,6,5,3,17,18,2,1,50,8,1,5,2,9999,1
545,8,8,6,17,1,2,1,26,6,1,6,2,9999,2
622,8,8,6,17,1,2,1,26,6,1,6,2,9999,2
799,25,11,3,17,7,2,1,12,3,2,3,2,9999,1
811,4,12,5,17,9,2,2,18,4,1,3,2,9999,1
812,4,12,5,17,9,2,2,50,8,1,3,2,9999,1
302,21,4,2,17,1,2,1,27,6,1,4,3,9999,1
306,24,4,5,17,5,2,2,39,7,1,1,4,9999,1
307,24,4,5,17,5,2,2,11,3,2,1,4,9999,1
571,20,8,4,17,11,2,1,25,6,1,1,4,9999,1
648,20,8,4,17,11,2,1,25,6,1,1,4,9999,1
39,17,1,6,17,5,2,1,29,6,1,4,5,9999,2
186,9,3,1,17,1,1,1,21,5,1,4,5,9999,2
432,20,6,6,17,10,2,1,34,6,1,4,5,9999,1
768,30,10,5,17,1,1,1,23,5,1,4,5,9999,1
327,2,5,6,17,5,2,1,59,9,1,1,6,9999,1
328,2,5,6,17,5,2,2,14,3,2,1,6,9999,1
359,18,5,1,17,11,2,1,35,7,1,2,6,9999,2
505,26,7,7,17,6,2,1,32,6,1,2,6,9999,1
506,26,7,7,17,6,2,1,46,8,1,2,6,9999,1
200,15,3,7,17,1,1,1,28,6,1,1,9,9999,2
201,15,3,7,17,1,1,2,39,7,1,1,9,9999,2
549,10,8,1,17,19,2,1,31,6,1,3,9,9999,1
626,10,8,1,17,19,2,1,31,6,1,3,9,9999,1
797,24,11,2,17,15,2,1,38,7,1,3,9,9999,4
11,2,1,5,17,18,2,1,21,5,1,4,99,9999,1
156,2,3,1,17,10,1,1,43,7,1,3,99,9999,1
157,2,3,1,17,10,1,2,23,5,1,3,99,9999,1
221,24,3,2,17,3,2,1,19,4,1,99,99,9999,3
222,24,3,2,17,3,2,2,18,4,1,99,99,9999,3
343,8,5,5,17,18,2,9,999,11,99,1,99,9999,1
344,8,5,5,17,18,2,9,999,11,99,1,99,9999,1
345,8,5,5,17,18,2,9,999,11,99,1,99,9999,1
773,3,11,2,18,8,2,1,42,7,1,3,1,1984,3
572,20,8,4,18,7,2,1,70,10,1,5,2,1999,1
649,20,8,4,18,7,2,1,70,10,1,5,2,1999,1
365,20,5,3,18,13,2,1,63,9,1,2,4,2004,1
16,3,1,6,18,10,2,1,40,7,1,4,3,2008,1
137,26,2,4,18,21,2,1,15,4,2,1,1,9999,4
276,14,4,2,18,13,2,1,34,6,1,3,1,9999,3
331,3,5,7,18,4,2,1,20,5,1,4,1,9999,2
471,7,7,2,18,20,2,2,38,7,1,4,1,9999,1
17,3,1,6,18,17,2,1,58,9,1,2,2,9999,1
126,22,2,7,18,5,2,1,24,5,1,1,2,9999,3
158,2,3,1,18,10,1,1,20,5,1,9,2,9999,1
436,20,6,6,18,13,2,2,45,8,1,3,2,9999,1
786,16,11,1,18,12,2,2,28,6,1,1,2,9999,2
89,9,2,1,18,11,2,1,33,6,1,4,3,9999,2
450,27,6,6,18,1,1,1,35,7,1,4,3,9999,2
696,18,9,5,18,18,2,1,39,7,1,1,3,9999,1
739,13,10,2,18,20,2,1,21,5,1,5,3,9999,1
784,11,11,3,18,3,2,1,28,6,1,4,3,9999,1
788,18,11,3,18,19,2,1,50,8,1,4,3,9999,1
487,16,7,4,18,18,2,1,37,7,1,1,4,9999,1
681,7,9,1,18,10,2,1,33,6,1,3,4,9999,1
10,1,1,4,18,3,2,1,26,6,1,1,5,9999,1
415,13,6,6,18,11,1,1,36,7,1,4,5,9999,1
483,11,7,6,18,12,2,2,20,5,1,4,5,9999,1
865,25,12,5,18,1,1,1,22,5,1,4,5,9999,2
224,26,3,4,18,22,2,1,56,9,1,3,9,9999,3
144,28,2,6,18,1,2,1,38,7,1,4,99,9999,1
375,27,5,3,18,14,2,1,8,2,2,3,99,9999,3
474,10,7,5,18,17,2,1,59,9,1,6,99,9999,4
537,3,8,1,18,16,2,1,33,6,1,3,99,9999,1
590,3,8,1,18,16,2,1,33,6,1,3,99,9999,1
614,3,8,1,18,16,2,1,33,6,1,3,99,9999,1
770,1,11,7,18,19,2,1,20,5,1,99,99,9999,1
819,6,12,7,18,4,2,1,35,7,1,99,99,9999,3
831,12,12,6,18,1,1,1,26,6,1,4,99,9999,2
810,4,12,5,19,6,2,1,33,6,1,1,4,1988,3
305,24,4,5,19,5,2,2,42,7,1,3,4,1991,3
42,18,1,7,19,22,2,1,28,6,1,3,3,1993,1
414,13,6,6,19,1,1,1,40,7,1,12,1,1994,1
659,27,8,4,19,19,2,1,54,8,1,3,4,2004,1
317,26,4,7,19,20,2,1,23,5,1,9,6,2004,1
154,1,3,7,19,4,2,1,33,6,1,8,3,2006,1
374,26,5,2,19,9,2,1,26,6,1,4,1,2007,1
51,25,1,7,19,21,2,1,28,6,1,9,99,2007,3
451,27,6,6,19,16,2,1,24,5,1,4,99,2007,1
459,1,7,3,19,1,1,1,24,5,1,4,3,2008,2
314,26,4,7,19,20,2,1,20,5,1,4,5,2008,1
12,2,1,5,19,17,2,1,42,7,1,4,1,9999,1
159,2,3,1,19,9,1,1,22,5,1,3,1,9999,2
251,8,4,3,19,5,2,1,25,6,1,4,1,9999,1
325,2,5,6,19,19,2,1,35,7,1,3,1,9999,1
690,15,9,2,19,11,2,1,28,6,1,4,1,9999,1
693,16,9,3,19,11,2,1,26,6,1,3,1,9999,2
716,28,9,1,19,4,2,1,45,8,1,3,1,9999,1
729,7,10,3,19,9,2,1,17,4,2,7,1,9999,1
119,21,2,6,19,12,2,1,50,8,1,5,2,9999,4
322,29,4,3,19,2,2,1,37,7,1,1,2,9999,1
107,15,2,7,19,13,2,1,47,8,1,4,3,9999,1
383,31,5,7,19,5,2,2,20,5,1,3,3,9999,3
519,31,7,5,19,18,2,1,40,7,1,4,3,9999,2
700,21,9,1,19,15,2,1,55,9,1,3,3,9999,1
701,21,9,1,19,15,2,1,35,7,1,5,3,9999,1
837,15,12,2,19,8,2,1,25,6,1,7,3,9999,3
838,15,12,2,19,8,2,1,70,10,1,7,3,9999,3
875,28,12,1,19,14,2,1,36,7,1,9,3,9999,1
876,28,12,1,19,14,2,1,31,6,1,9,3,9999,1
877,28,12,1,19,14,2,1,36,7,1,9,3,9999,1
878,28,12,1,19,14,2,1,35,7,1,9,3,9999,1
879,28,12,1,19,14,2,1,28,6,1,9,3,9999,1
444,24,6,4,19,5,2,1,54,8,1,3,4,9999,1
466,4,7,6,19,22,2,1,39,7,1,1,4,9999,1
553,12,8,3,19,17,2,1,26,6,1,3,4,9999,1
630,12,8,3,19,17,2,1,26,6,1,3,4,9999,1
82,7,2,6,19,5,2,1,23,5,1,4,5,9999,1
467,4,7,6,19,22,2,1,65,10,1,1,5,9999,1
807,3,12,4,19,22,2,1,43,7,1,3,5,9999,2
264,11,4,6,19,5,2,2,25,6,1,1,6,9999,3
265,11,4,6,19,5,2,2,20,5,1,1,6,9999,3
266,11,4,6,19,5,2,1,30,6,1,1,6,9999,3
267,11,4,6,19,5,2,1,32,6,1,1,6,9999,3
294,19,4,7,19,6,2,2,20,5,1,2,6,9999,1
721,1,10,4,19,16,2,1,33,6,1,5,6,9999,4
722,1,10,4,19,16,2,1,35,7,1,5,6,9999,4
110,16,2,1,19,6,2,1,20,5,1,4,7,9999,1
111,16,2,1,19,6,2,1,14,3,2,4,7,9999,1
112,16,2,1,19,6,2,1,8,2,2,4,7,9999,1
885,31,12,4,19,11,2,1,37,7,1,1,7,9999,1
886,31,12,4,19,11,2,1,23,5,1,1,7,9999,1
134,25,2,3,19,6,2,1,24,5,1,4,99,9999,1
135,25,2,3,19,6,2,1,25,6,1,4,99,9999,1
136,25,2,3,19,6,2,1,27,6,1,4,99,9999,1
165,4,3,3,19,5,2,1,35,7,1,6,99,9999,3
233,30,3,1,19,17,2,1,17,4,2,4,99,9999,2
247,6,4,1,19,17,2,1,12,3,2,4,99,9999,1
296,20,4,1,19,4,2,1,25,6,1,4,99,9999,1
297,20,4,1,19,4,2,1,2,1,2,4,99,9999,1
298,20,4,1,19,4,2,2,8,2,2,4,99,9999,1
388,2,6,2,19,18,2,1,999,11,1,3,99,9999,1
730,8,10,4,19,22,2,1,33,6,1,4,99,9999,1
744,17,10,6,19,5,2,1,48,8,1,4,99,9999,2
746,18,10,7,19,18,2,1,27,6,1,3,99,9999,4
753,21,10,3,19,10,2,1,32,6,1,3,99,9999,1
460,1,7,3,20,5,2,1,49,8,1,3,6,1997,4
714,28,9,1,20,9,1,1,28,6,1,4,5,1999,2
522,1,8,6,20,18,2,1,47,8,1,4,3,2007,2
575,1,8,6,20,18,2,1,47,8,1,4,3,2007,2
599,1,8,6,20,18,2,1,47,8,1,4,3,2007,2
662,28,8,5,20,5,2,1,22,5,1,4,5,2007,1
138,26,2,4,20,18,2,1,19,4,1,4,1,9999,1
225,27,3,5,20,4,2,1,38,7,1,1,1,9999,1
386,2,6,2,20,20,2,1,19,4,1,4,1,9999,1
424,17,6,3,20,11,2,1,42,7,1,4,1,9999,1
482,11,7,6,20,5,2,1,22,5,1,4,1,9999,4
558,15,8,6,20,11,2,1,24,5,1,4,1,9999,1
561,15,8,6,20,20,2,1,16,4,2,4,1,9999,1
635,15,8,6,20,11,2,1,24,5,1,4,1,9999,1
638,15,8,6,20,20,2,1,16,4,2,4,1,9999,1
657,26,8,3,20,1,1,2,28,6,1,4,1,9999,2
726,5,10,1,20,17,2,1,15,4,2,4,1,9999,1
792,22,11,7,20,20,2,1,21,5,1,4,1,9999,1
793,22,11,7,20,20,2,1,14,3,2,4,1,9999,1
794,22,11,7,20,20,2,1,19,4,1,4,1,9999,1
248,7,4,2,20,22,2,1,37,7,1,5,2,9999,3
782,8,11,7,20,12,2,1,28,6,1,4,2,9999,1
198,15,3,7,20,5,2,1,18,4,1,4,3,9999,1
733,9,10,5,20,1,2,1,19,4,1,4,3,9999,1
783,9,11,1,20,13,2,1,40,7,1,3,3,9999,2
798,25,11,3,20,1,2,1,25,6,1,4,3,9999,1
263,11,4,6,20,19,2,1,43,7,1,1,4,9999,1
562,16,8,7,20,18,2,1,14,3,2,3,4,9999,3
639,16,8,7,20,18,2,1,14,3,2,3,4,9999,3
64,30,1,5,20,2,2,2,37,7,1,3,5,9999,3
204,16,3,1,20,1,1,1,26,6,1,4,5,9999,1
376,28,5,4,20,1,1,1,55,9,1,4,5,9999,1
402,7,6,7,20,5,2,1,26,6,1,4,5,9999,1
541,5,8,3,20,5,2,1,21,5,1,4,5,9999,1
594,5,8,3,20,5,2,1,21,5,1,4,5,9999,1
618,5,8,3,20,5,2,1,21,5,1,4,5,9999,1
22,12,1,1,20,4,2,1,25,6,1,1,6,9999,1
125,22,2,7,20,12,2,1,55,9,1,3,6,9999,4
52,25,1,7,20,20,2,2,31,6,1,4,11,9999,1
652,22,8,6,20,2,2,2,28,6,1,1,11,9999,1
695,18,9,5,20,5,2,1,43,7,1,1,11,9999,2
36,16,1,5,20,19,2,1,31,6,1,4,99,9999,1
85,7,2,6,20,19,1,1,27,6,1,4,99,9999,1
155,2,3,1,20,6,1,1,40,7,1,4,99,9999,2
346,9,5,6,20,12,2,1,21,5,1,3,99,9999,3
495,19,7,7,20,17,2,1,32,6,1,4,99,9999,1
529,2,8,7,20,19,2,1,36,7,1,3,99,9999,1
530,2,8,7,20,19,2,2,25,6,1,1,99,9999,1
582,2,8,7,20,19,2,1,36,7,1,3,99,9999,1
583,2,8,7,20,19,2,2,25,6,1,1,99,9999,1
606,2,8,7,20,19,2,1,36,7,1,3,99,9999,1
607,2,8,7,20,19,2,2,25,6,1,1,99,9999,1
785,12,11,4,21,19,2,1,50,8,1,7,6,1988,1
87,8,2,7,21,22,2,1,40,7,1,3,2,1992,3
192,13,3,5,21,5,2,1,38,7,1,1,99,1998,1
655,24,8,1,21,6,2,2,60,9,1,2,2,2000,1
188,11,3,3,21,15,2,1,24,5,1,4,1,2003,2
817,6,12,7,21,19,2,2,46,8,1,4,3,2006,2
102,14,2,6,21,19,2,1,29,6,1,4,1,9999,1
106,15,2,7,21,16,1,2,4,1,2,4,1,9999,1
400,7,6,7,21,15,2,1,20,5,1,4,1,9999,2
515,30,7,4,21,11,1,1,25,6,1,4,1,9999,1
802,29,11,7,21,1,2,1,27,6,1,4,1,9999,2
60,30,1,5,21,10,2,1,30,6,1,4,2,9999,2
123,22,2,7,21,9,1,1,33,6,1,1,2,9999,1
268,11,4,6,21,5,2,1,35,7,1,3,2,9999,1
403,8,6,1,21,1,1,1,25,6,1,1,2,9999,1
732,9,10,5,21,22,2,2,41,7,1,2,2,9999,4
738,12,10,1,21,7,1,1,26,6,1,5,2,9999,2
760,25,10,7,21,1,2,1,25,6,1,1,2,9999,2
767,29,10,4,21,7,2,2,62,9,1,9,3,9999,3
688,12,9,6,21,8,2,2,32,6,1,2,4,9999,4
846,20,12,7,21,12,2,1,18,4,1,1,4,9999,2
860,23,12,3,21,22,2,1,35,7,1,1,4,9999,1
40,17,1,6,21,5,2,1,24,5,1,4,5,9999,1
41,17,1,6,21,5,2,1,25,6,1,4,5,9999,1
45,21,1,3,21,5,2,1,31,6,1,1,5,9999,1
401,7,6,7,21,18,2,1,22,5,1,2,5,9999,1
491,18,7,6,21,5,2,1,25,6,1,6,5,9999,1
492,18,7,6,21,5,2,1,30,6,1,6,5,9999,1
727,6,10,2,21,5,2,1,18,4,1,4,5,9999,1
309,25,4,6,21,1,2,1,24,5,1,4,7,9999,1
20,10,1,6,21,1,1,1,29,6,1,2,99,9999,1
66,31,1,6,21,11,2,2,28,6,1,4,99,9999,1
303,21,4,2,21,6,2,1,29,6,1,4,99,9999,1
315,26,4,7,21,12,2,1,19,4,1,4,99,9999,1
316,26,4,7,21,12,2,1,18,4,1,4,99,9999,1
353,16,5,6,21,1,1,1,17,4,2,4,99,9999,1
416,14,6,7,21,2,2,2,6,2,2,3,99,9999,1
511,29,7,3,21,1,1,1,30,6,1,4,99,9999,1
546,8,8,6,21,20,2,1,31,6,1,3,99,9999,2
564,16,8,7,21,4,1,1,23,5,1,4,99,9999,2
623,8,8,6,21,20,2,1,31,6,1,3,99,9999,2
641,16,8,7,21,4,1,1,23,5,1,4,99,9999,2
666,29,8,6,21,13,2,1,20,5,1,4,99,9999,4
685,11,9,5,21,2,2,1,42,7,1,1,99,9999,1
758,24,10,6,21,5,2,1,18,4,1,4,99,9999,1
759,24,10,6,21,5,2,1,23,5,1,4,99,9999,1
775,5,11,4,21,5,2,1,43,7,1,4,99,9999,1
795,23,11,1,22,22,2,1,54,8,1,6,11,1993,4
796,23,11,1,22,22,2,1,50,8,1,6,11,1993,4
473,10,7,5,22,9,2,1,14,3,2,3,5,1994,2
377,28,5,4,22,10,2,1,28,6,1,1,9,2000,1
743,16,10,5,22,18,2,1,34,6,1,4,1,2007,1
661,27,8,4,22,18,2,1,31,6,1,11,2,2007,1
520,1,8,6,22,4,2,2,25,6,1,4,4,2007,1
573,1,8,6,22,4,2,2,25,6,1,4,4,2007,1
597,1,8,6,22,4,2,2,25,6,1,4,4,2007,1
712,26,9,6,22,6,2,1,62,9,1,8,1,9999,4
742,15,10,4,22,18,2,1,34,6,1,4,1,9999,1
789,20,11,5,22,6,2,1,25,6,1,3,1,9999,3
387,2,6,2,22,5,2,1,57,9,1,6,2,9999,1
708,25,9,5,22,1,1,1,30,6,1,4,3,9999,1
720,1,10,4,22,22,2,2,23,5,1,2,3,9999,1
437,20,6,6,22,4,2,1,24,5,1,1,4,9999,1
218,23,3,1,22,9,1,1,20,5,1,4,5,9999,2
341,7,5,4,22,5,2,1,32,6,1,1,5,9999,2
486,15,7,3,22,1,1,1,33,6,1,4,5,9999,1
850,21,12,1,22,10,2,1,35,7,1,4,6,9999,4
367,24,5,6,22,1,1,1,999,11,2,3,7,9999,3
37,16,1,5,22,18,2,1,39,7,1,3,99,9999,1
49,24,1,6,22,5,2,1,23,5,1,99,99,9999,3
92,12,2,4,22,5,2,1,42,7,1,9,99,9999,1
93,12,2,4,22,5,2,1,45,8,1,9,99,9999,1
94,12,2,4,22,5,2,1,28,6,1,9,99,9999,1
95,12,2,4,22,5,2,1,50,8,1,9,99,9999,1
397,6,6,6,22,5,2,2,36,7,1,4,99,9999,4
489,17,7,5,22,2,2,1,22,5,1,4,99,9999,4
702,23,9,3,22,19,1,1,23,5,1,4,99,9999,1
3,1,1,4,23,1,2,1,40,7,1,1,9,1986,1
4,1,1,4,23,1,2,2,35,7,1,1,9,1986,1
380,29,5,5,23,13,2,1,37,7,1,3,3,1996,3
18,8,1,4,23,6,2,1,29,6,1,4,3,2007,1
284,18,4,6,23,1,1,1,999,11,1,9,3,2007,2
271,12,4,7,23,5,2,1,26,6,1,4,1,2008,1
234,30,3,1,23,9,2,1,60,9,1,4,1,9999,2
252,9,4,4,23,9,2,1,45,8,1,4,1,9999,4
256,10,4,5,23,1,1,1,40,7,1,4,1,9999,1
292,19,4,7,23,5,2,1,28,6,1,13,1,9999,3
293,19,4,7,23,5,2,1,54,8,1,13,1,9999,3
347,11,5,1,23,12,2,1,32,6,1,99,1,9999,2
358,17,5,7,23,7,2,1,27,6,1,14,1,9999,2
808,4,12,5,23,1,2,1,19,4,1,4,1,9999,1
813,4,12,5,23,18,2,1,28,6,1,4,1,9999,1
676,3,9,4,23,8,2,1,35,7,1,3,2,9999,2
677,4,9,5,23,8,2,1,29,6,1,1,2,9999,3
654,23,8,7,23,17,2,1,37,7,1,4,3,9999,1
854,21,12,1,23,6,2,1,19,4,1,4,3,9999,1
86,7,2,6,23,1,1,2,27,6,1,1,4,9999,1
765,28,10,3,23,17,2,1,35,7,1,2,4,9999,1
766,28,10,3,23,17,2,1,40,7,1,2,4,9999,1
283,18,4,6,23,1,1,1,23,5,1,4,5,9999,2
833,13,12,7,23,9,2,1,25,6,1,4,5,9999,1
259,10,4,5,23,6,2,1,21,5,1,2,10,9999,3
452,27,6,6,23,17,2,1,49,8,1,4,99,9999,1
538,3,8,1,23,18,2,1,29,6,1,4,99,9999,1
591,3,8,1,23,18,2,1,29,6,1,4,99,9999,1
615,3,8,1,23,18,2,1,29,6,1,4,99,9999,1
747,18,10,7,23,1,1,1,38,7,1,4,99,9999,1
